Label,# Samples,Average,Median,90% Line,95% Line,99% Line,Min,Max,Error %,Throughput,Received KB/sec,Sent KB/sec
graphql scneario,10000,320,320,332,337,342,303,350,0.000%,309.59752,673.01,138.17
TOTAL,10000,320,320,332,337,342,303,350,0.000%,309.59752,673.01,138.17
