Label,# Samples,Average,Median,90% Line,95% Line,99% Line,Min,Max,Error %,Throughput,Received KB/sec,Sent KB/sec
graphql scneario,10000,321,320,334,339,351,304,358,0.000%,309.40594,672.60,138.08
TOTAL,10000,321,320,334,339,351,304,358,0.000%,309.40594,672.60,138.08
