Label,# Samples,Average,Median,90% Line,95% Line,99% Line,Min,Max,Error %,Throughput,Received KB/sec,Sent KB/sec
graphql scneario,10000,322,321,333,337,346,304,356,0.000%,308.57531,670.79,137.71
TOTAL,10000,322,321,333,337,346,304,356,0.000%,308.57531,670.79,137.71
